icao,type,mhz

RPLL,ATIS,126.400
RPLL,CLR,125.100
RPLL,CLR,125.500
RPLL,GND,121.800
RPLL,GND,122.000
RPLL,RMP,121.350
RPLL,RMP,121.550
RPLL,RMP,121.600
RPLL,RMP,121.700
RPLL,RMP,122.450
RPLL,RMP,123.250
RPLL,RMP,123.650
RPLL,RMP,128.800
RPLL,TWR,118.100
RPLL,TWR,118.400
RPLL,APP,119.700
RPLL,APP,124.400
RPLL,APP,127.700
RPLL,DEP,119.900
RPLL,DEP,121.100
RPLL,DEP,124.800
RPLL,RADIO,124.000
RPLL,RADIO,124.900
RPLL,RADIO,127.100

LFPG,ATIS,127.130
LFPG,ATIS,128.230
LFPG,CLR,121.730
LFPG,CLR,121.840
LFPG,GND,121.610
LFPG,GND,121.780
LFPG,GND,121.810
LFPG,GND,121.980
LFPG,RMP,121.580
LFPG,RMP,121.640
LFPG,RMP,121.680
LFPG,RMP,121.880
LFPG,RMP,121.930
LFPG,TWR,118.650
LFPG,TWR,119.250
LFPG,TWR,119.630
LFPG,TWR,120.650
LFPG,TWR,120.900
LFPG,TWR,123.600
LFPG,TWR,125.330
LFPG,APP,118.150
LFPG,APP,119.850
LFPG,APP,121.150
LFPG,APP,124.350
LFPG,APP,125.830
LFPG,APP,126.430
LFPG,APP,126.570
LFPG,APP,131.200
LFPG,APP,133.380
LFPG,APP,136.270

EGLL,ATIS,121.930
EGLL,ATIS,128.080
EGLL,CLR,121.980
EGLL,GND,121.700
EGLL,GND,121.850
EGLL,GND,121.900
EGLL,TWR,118.500
EGLL,TWR,118.700
EGLL,TWR,124.470
EGLL,APP,119.730
EGLL,APP,120.400
EGLL,APP,125.620
EGLL,APP,127.520
EGLL,APP,134.980

EHAM,ATIS,122.200
EHAM,ATIS,132.980
EHAM,CLR,121.980
EHAM,GND,121.560
EHAM,GND,121.590
EHAM,GND,121.700
EHAM,GND,121.800
EHAM,GND,121.900
EHAM,TWR,118.100
EHAM,TWR,118.280
EHAM,TWR,119.230
EHAM,TWR,135.110
EHAM,APP,118.080
EHAM,APP,118.400
EHAM,APP,119.050
EHAM,APP,121.200
EHAM,APP,126.680
EHAM,APP,131.150
EHAM,RADIO,131.350

EDDF,ATIS,118.030
EDDF,ATIS,118.730
EDDF,CLR,121.900
EDDF,GND,121.800
EDDF,RMP,121.650
EDDF,RMP,121.700
EDDF,RMP,121.750
EDDF,RMP,121.850
EDDF,RMP,121.950
EDDF,RMP,121.960
EDDF,TWR,118.780
EDDF,TWR,119.900
EDDF,TWR,124.850
EDDF,TWR,127.330
EDDF,TWR,136.500
EDDF,APP,118.500
EDDF,APP,119.030
EDDF,APP,120.150
EDDF,APP,120.800
EDDF,APP,125.350
EDDF,APP,126.550
EDDF,APP,127.280
EDDF,APP,136.130

EDDM,ATIS,123.130
EDDM,CLR,121.730
EDDM,GND,121.830
EDDM,GND,121.980
EDDM,RMP,121.710
EDDM,RMP,121.780
EDDM,RMP,121.930
EDDM,TWR,118.700
EDDM,TWR,119.400
EDDM,TWR,120.500
EDDM,APP,118.830
EDDM,APP,120.780
EDDM,APP,123.900
EDDM,APP,126.450
EDDM,APP,127.950
EDDM,APP,128.030
EDDM,APP,128.250
EDDM,APP,131.230
EDDM,APP,132.300
EDDM,APP,132.550
EDDM,APP,136.230

EGKK,ATIS,136.520
EGKK,CLR,121.950
EGKK,GND,121.800
EGKK,TWR,124.230
EGKK,TWR,134.230
EGKK,APP,118.950
EGKK,APP,126.820
EGKK,APP,129.020

LEBL,ATIS,118.650
LEBL,ATIS,121.980
LEBL,CLR,121.800
LEBL,GND,121.650
LEBL,GND,121.700
LEBL,GND,122.230
LEBL,TWR,118.100
LEBL,TWR,118.330
LEBL,TWR,122.100
LEBL,TWR,122.830
LEBL,DEP,131.120
LEBL,APP,119.100
LEBL,APP,121.150
LEBL,APP,124.700
LEBL,APP,125.250
LEBL,APP,126.500
LEBL,APP,127.700
LEBL,APP,135.280

LIRF,ATIS,121.850
LIRF,ATIS,126.120
LIRF,CLR,121.800
LIRF,CLR,121.900
LIRF,GND,121.670
LIRF,GND,122.120
LIRF,TWR,118.700
LIRF,TWR,123.720
LIRF,TWR,127.620
LIRF,DEP,130.900
LIRF,DEP,131.100
LIRF,APP,119.200
LIRF,APP,125.500
LIRF,APP,127.950
LIRF,APP,131.250

LEMD,ATIS,118.250
LEMD,ATIS,130.850
LEMD,CLR,130.080
LEMD,CLR,130.350
LEMD,GND,121.630
LEMD,GND,121.750
LEMD,GND,121.980
LEMD,GND,123.150
LEMD,RMP,121.700
LEMD,RMP,121.850
LEMD,RMP,123.000
LEMD,RMP,123.250
LEMD,RMP,123.480
LEMD,TWR,118.080
LEMD,TWR,118.150
LEMD,TWR,118.680
LEMD,TWR,118.980
LEMD,TWR,119.500
LEMD,TWR,120.150
LEMD,TWR,120.650
LEMD,TWR,122.980
LEMD,TWR,123.330
LEMD,TWR,130.250
LEMD,APP,118.400
LEMD,APP,118.750
LEMD,APP,124.030
LEMD,APP,124.230
LEMD,APP,127.100
LEMD,APP,127.500
LEMD,APP,128.700
LEMD,APP,130.800
LEMD,APP,131.170
LEMD,APP,134.030
LEMD,APP,134.950
LEMD,APP,136.100

LSZH,ATIS,125.730
LSZH,ATIS,129.000
LSZH,CLR,121.930
LSZH,GND,121.900
LSZH,TWR,118.100
LSZH,TWR,119.700
LSZH,TWR,120.230
LSZH,DEP,125.950
LSZH,APP,120.750
LSZH,APP,125.330
LSZH,APP,130.560
LSZH,APP,135.230

EBBR,ATIS,121.750
EBBR,ATIS,132.480
EBBR,CLR,121.950
EBBR,GND,118.050
EBBR,GND,121.700
EBBR,GND,121.880
EBBR,TWR,118.600
EBBR,TWR,120.780
EBBR,TWR,127.150
EBBR,DEP,126.630
EBBR,APP,118.250
EBBR,APP,120.100
EBBR,APP,127.570
EBBR,APP,129.730
